{"alpha": 0.1779635036912075, "short_ma_length": 22, "long_ma_length": 35, "lookback_window": 45, "rolling_corr": 0.3102399896831124}