{"alpha": 0.3225584849889748, "short_ma_length": 7, "long_ma_length": 35, "lookback_window": 15, "rolling_corr": 0.3856136661041106}