{"alpha": 0.3289442428260777, "short_ma_length": 12, "long_ma_length": 30, "lookback_window": 20, "rolling_corr": 0.37598564087119163}