{"alpha": 0.2797387411151462, "short_ma_length": 12, "long_ma_length": 25, "lookback_window": 20, "rolling_corr": 0.09126515270876283}